<?xml version="1.0" encoding="UTF-8"?>
<project-private xmlns="http://www.netbeans.org/ns/project-private/1">
    <editor-bookmarks xmlns="http://www.netbeans.org/ns/editor-bookmarks/2" lastBookmarkId="0"/>
    <open-files xmlns="http://www.netbeans.org/ns/projectui-open-files/2">
        <group>
            <file>file:/Users/brianmorales/Desktop/Personal/UMCA/Tercer%20Cuatri/PrograII/AsignacionII/AsignacionII/web/index.jsp</file>
            <file>file:/Users/brianmorales/Desktop/Personal/UMCA/Tercer%20Cuatri/PrograII/AsignacionII/AsignacionII/web/update.jsp</file>
            <file>file:/Users/brianmorales/Desktop/Personal/UMCA/Tercer%20Cuatri/PrograII/AsignacionII/AsignacionII/web/delete.jsp</file>
            <file>file:/Users/brianmorales/Desktop/Personal/UMCA/Tercer%20Cuatri/PrograII/AsignacionII/AsignacionII/web/create.jsp</file>
        </group>
    </open-files>
</project-private>
